{
	"credit": "Made with Blockbench",
	"textures": {
		"1": "item/coin/edge",
		"2": "item/coin/text",
		"3": "item/coin/fill",
		"particle": "item/coin/fill"
	},
	"elements": [
		{
			"from": [11, 13, 7],
			"to": [12, 14, 10],
			"faces": {
				"north": {"uv": [4.25, 0.25, 4.75, 0.75], "rotation": 180, "texture": "#1"},
				"east": {"uv": [1.25, 0.25, 1.75, 0.75], "rotation": 90, "texture": "#1"},
				"south": {"uv": [5.25, 0.25, 5.75, 0.75], "texture": "#1"},
				"west": {"uv": [3.25, 0.25, 3.75, 0.75], "rotation": 270, "texture": "#1"},
				"up": {"uv": [2.25, 0.25, 2.75, 0.75], "texture": "#1"},
				"down": {"uv": [0.25, 0.25, 0.75, 0.75], "rotation": 180, "texture": "#1"}
			}
		},
		{
			"from": [15, 6, 7],
			"to": [16, 10, 10],
			"faces": {
				"north": {"uv": [10.25, 0.25, 10.75, 0.75], "rotation": 180, "texture": "#1"},
				"east": {"uv": [7.25, 0.25, 7.75, 0.75], "rotation": 90, "texture": "#1"},
				"south": {"uv": [11.25, 0.25, 11.75, 0.75], "texture": "#1"},
				"west": {"uv": [9.25, 0.25, 9.75, 0.75], "rotation": 270, "texture": "#1"},
				"up": {"uv": [8.25, 0.25, 8.75, 0.75], "texture": "#1"},
				"down": {"uv": [6.25, 0.25, 6.75, 0.75], "rotation": 180, "texture": "#1"}
			}
		},
		{
			"from": [0, 6, 7],
			"to": [1, 10, 10],
			"faces": {
				"north": {"uv": [0.25, 1.25, 0.75, 1.75], "rotation": 180, "texture": "#1"},
				"east": {"uv": [13.25, 0.25, 13.75, 0.75], "rotation": 90, "texture": "#1"},
				"south": {"uv": [1.25, 1.25, 1.75, 1.75], "texture": "#1"},
				"west": {"uv": [15.25, 0.25, 15.75, 0.75], "rotation": 270, "texture": "#1"},
				"up": {"uv": [14.25, 0.25, 14.75, 0.75], "texture": "#1"},
				"down": {"uv": [12.25, 0.25, 12.75, 0.75], "rotation": 180, "texture": "#1"}
			}
		},
		{
			"from": [6, 15, 7],
			"to": [10, 16, 10],
			"faces": {
				"north": {"uv": [6.25, 1.25, 6.75, 1.75], "rotation": 180, "texture": "#1"},
				"east": {"uv": [3.25, 1.25, 3.75, 1.75], "rotation": 90, "texture": "#1"},
				"south": {"uv": [7.25, 1.25, 7.75, 1.75], "texture": "#1"},
				"west": {"uv": [5.25, 1.25, 5.75, 1.75], "rotation": 270, "texture": "#1"},
				"up": {"uv": [4.25, 1.25, 4.75, 1.75], "texture": "#1"},
				"down": {"uv": [2.25, 1.25, 2.75, 1.75], "rotation": 180, "texture": "#1"}
			}
		},
		{
			"from": [6, 0, 7],
			"to": [10, 1, 10],
			"faces": {
				"north": {"uv": [12.25, 1.25, 12.75, 1.75], "rotation": 180, "texture": "#1"},
				"east": {"uv": [9.25, 1.25, 9.75, 1.75], "rotation": 90, "texture": "#1"},
				"south": {"uv": [13.25, 1.25, 13.75, 1.75], "texture": "#1"},
				"west": {"uv": [11.25, 1.25, 11.75, 1.75], "rotation": 270, "texture": "#1"},
				"up": {"uv": [10.25, 1.25, 10.75, 1.75], "texture": "#1"},
				"down": {"uv": [8.25, 1.25, 8.75, 1.75], "rotation": 180, "texture": "#1"}
			}
		},
		{
			"from": [10, 1, 7],
			"to": [11, 2, 10],
			"faces": {
				"north": {"uv": [2.25, 2.25, 2.75, 2.75], "rotation": 180, "texture": "#1"},
				"east": {"uv": [15.25, 1.25, 15.75, 1.75], "rotation": 90, "texture": "#1"},
				"south": {"uv": [3.25, 2.25, 3.75, 2.75], "texture": "#1"},
				"west": {"uv": [1.25, 2.25, 1.75, 2.75], "rotation": 270, "texture": "#1"},
				"up": {"uv": [0.25, 2.25, 0.75, 2.75], "texture": "#1"},
				"down": {"uv": [14.25, 1.25, 14.75, 1.75], "rotation": 180, "texture": "#1"}
			}
		},
		{
			"from": [14, 5, 7],
			"to": [15, 6, 10],
			"faces": {
				"north": {"uv": [8.25, 2.25, 8.75, 2.75], "rotation": 180, "texture": "#1"},
				"east": {"uv": [5.25, 2.25, 5.75, 2.75], "rotation": 90, "texture": "#1"},
				"south": {"uv": [9.25, 2.25, 9.75, 2.75], "texture": "#1"},
				"west": {"uv": [7.25, 2.25, 7.75, 2.75], "rotation": 270, "texture": "#1"},
				"up": {"uv": [6.25, 2.25, 6.75, 2.75], "texture": "#1"},
				"down": {"uv": [4.25, 2.25, 4.75, 2.75], "rotation": 180, "texture": "#1"}
			}
		},
		{
			"from": [13, 4, 7],
			"to": [14, 5, 10],
			"faces": {
				"north": {"uv": [14.25, 2.25, 14.75, 2.75], "rotation": 180, "texture": "#1"},
				"east": {"uv": [11.25, 2.25, 11.75, 2.75], "rotation": 90, "texture": "#1"},
				"south": {"uv": [15.25, 2.25, 15.75, 2.75], "texture": "#1"},
				"west": {"uv": [13.25, 2.25, 13.75, 2.75], "rotation": 270, "texture": "#1"},
				"up": {"uv": [12.25, 2.25, 12.75, 2.75], "texture": "#1"},
				"down": {"uv": [10.25, 2.25, 10.75, 2.75], "rotation": 180, "texture": "#1"}
			}
		},
		{
			"from": [11, 2, 7],
			"to": [12, 3, 10],
			"faces": {
				"north": {"uv": [4.25, 3.25, 4.75, 3.75], "rotation": 180, "texture": "#1"},
				"east": {"uv": [1.25, 3.25, 1.75, 3.75], "rotation": 90, "texture": "#1"},
				"south": {"uv": [5.25, 3.25, 5.75, 3.75], "texture": "#1"},
				"west": {"uv": [3.25, 3.25, 3.75, 3.75], "rotation": 270, "texture": "#1"},
				"up": {"uv": [2.25, 3.25, 2.75, 3.75], "texture": "#1"},
				"down": {"uv": [0.25, 3.25, 0.75, 3.75], "rotation": 180, "texture": "#1"}
			}
		},
		{
			"from": [12, 3, 7],
			"to": [13, 4, 10],
			"faces": {
				"north": {"uv": [10.25, 3.25, 10.75, 3.75], "rotation": 180, "texture": "#1"},
				"east": {"uv": [7.25, 3.25, 7.75, 3.75], "rotation": 90, "texture": "#1"},
				"south": {"uv": [11.25, 3.25, 11.75, 3.75], "texture": "#1"},
				"west": {"uv": [9.25, 3.25, 9.75, 3.75], "rotation": 270, "texture": "#1"},
				"up": {"uv": [8.25, 3.25, 8.75, 3.75], "texture": "#1"},
				"down": {"uv": [6.25, 3.25, 6.75, 3.75], "rotation": 180, "texture": "#1"}
			}
		},
		{
			"from": [4, 2, 7],
			"to": [5, 3, 10],
			"faces": {
				"north": {"uv": [0.25, 4.25, 0.75, 4.75], "rotation": 180, "texture": "#1"},
				"east": {"uv": [13.25, 3.25, 13.75, 3.75], "rotation": 90, "texture": "#1"},
				"south": {"uv": [1.25, 4.25, 1.75, 4.75], "texture": "#1"},
				"west": {"uv": [15.25, 3.25, 15.75, 3.75], "rotation": 270, "texture": "#1"},
				"up": {"uv": [14.25, 3.25, 14.75, 3.75], "texture": "#1"},
				"down": {"uv": [12.25, 3.25, 12.75, 3.75], "rotation": 180, "texture": "#1"}
			}
		},
		{
			"from": [2, 4, 7],
			"to": [3, 5, 10],
			"faces": {
				"north": {"uv": [6.25, 4.25, 6.75, 4.75], "rotation": 180, "texture": "#1"},
				"east": {"uv": [3.25, 4.25, 3.75, 4.75], "rotation": 90, "texture": "#1"},
				"south": {"uv": [7.25, 4.25, 7.75, 4.75], "texture": "#1"},
				"west": {"uv": [5.25, 4.25, 5.75, 4.75], "rotation": 270, "texture": "#1"},
				"up": {"uv": [4.25, 4.25, 4.75, 4.75], "texture": "#1"},
				"down": {"uv": [2.25, 4.25, 2.75, 4.75], "rotation": 180, "texture": "#1"}
			}
		},
		{
			"from": [1, 5, 7],
			"to": [2, 6, 10],
			"faces": {
				"north": {"uv": [12.25, 4.25, 12.75, 4.75], "rotation": 180, "texture": "#1"},
				"east": {"uv": [9.25, 4.25, 9.75, 4.75], "rotation": 90, "texture": "#1"},
				"south": {"uv": [13.25, 4.25, 13.75, 4.75], "texture": "#1"},
				"west": {"uv": [11.25, 4.25, 11.75, 4.75], "rotation": 270, "texture": "#1"},
				"up": {"uv": [10.25, 4.25, 10.75, 4.75], "texture": "#1"},
				"down": {"uv": [8.25, 4.25, 8.75, 4.75], "rotation": 180, "texture": "#1"}
			}
		},
		{
			"from": [5, 1, 7],
			"to": [6, 2, 10],
			"faces": {
				"north": {"uv": [2.25, 5.25, 2.75, 5.75], "rotation": 180, "texture": "#1"},
				"east": {"uv": [15.25, 4.25, 15.75, 4.75], "rotation": 90, "texture": "#1"},
				"south": {"uv": [3.25, 5.25, 3.75, 5.75], "texture": "#1"},
				"west": {"uv": [1.25, 5.25, 1.75, 5.75], "rotation": 270, "texture": "#1"},
				"up": {"uv": [0.25, 5.25, 0.75, 5.75], "texture": "#1"},
				"down": {"uv": [14.25, 4.25, 14.75, 4.75], "rotation": 180, "texture": "#1"}
			}
		},
		{
			"from": [3, 3, 7],
			"to": [4, 4, 10],
			"faces": {
				"north": {"uv": [8.25, 5.25, 8.75, 5.75], "rotation": 180, "texture": "#1"},
				"east": {"uv": [5.25, 5.25, 5.75, 5.75], "rotation": 90, "texture": "#1"},
				"south": {"uv": [9.25, 5.25, 9.75, 5.75], "texture": "#1"},
				"west": {"uv": [7.25, 5.25, 7.75, 5.75], "rotation": 270, "texture": "#1"},
				"up": {"uv": [6.25, 5.25, 6.75, 5.75], "texture": "#1"},
				"down": {"uv": [4.25, 5.25, 4.75, 5.75], "rotation": 180, "texture": "#1"}
			}
		},
		{
			"from": [5, 14, 7],
			"to": [6, 15, 10],
			"faces": {
				"north": {"uv": [14.25, 5.25, 14.75, 5.75], "rotation": 180, "texture": "#1"},
				"east": {"uv": [11.25, 5.25, 11.75, 5.75], "rotation": 90, "texture": "#1"},
				"south": {"uv": [15.25, 5.25, 15.75, 5.75], "texture": "#1"},
				"west": {"uv": [13.25, 5.25, 13.75, 5.75], "rotation": 270, "texture": "#1"},
				"up": {"uv": [12.25, 5.25, 12.75, 5.75], "texture": "#1"},
				"down": {"uv": [10.25, 5.25, 10.75, 5.75], "rotation": 180, "texture": "#1"}
			}
		},
		{
			"from": [1, 10, 7],
			"to": [2, 11, 10],
			"faces": {
				"north": {"uv": [4.25, 6.25, 4.75, 6.75], "rotation": 180, "texture": "#1"},
				"east": {"uv": [1.25, 6.25, 1.75, 6.75], "rotation": 90, "texture": "#1"},
				"south": {"uv": [5.25, 6.25, 5.75, 6.75], "texture": "#1"},
				"west": {"uv": [3.25, 6.25, 3.75, 6.75], "rotation": 270, "texture": "#1"},
				"up": {"uv": [2.25, 6.25, 2.75, 6.75], "texture": "#1"},
				"down": {"uv": [0.25, 6.25, 0.75, 6.75], "rotation": 180, "texture": "#1"}
			}
		},
		{
			"from": [2, 11, 7],
			"to": [3, 12, 10],
			"faces": {
				"north": {"uv": [10.25, 6.25, 10.75, 6.75], "rotation": 180, "texture": "#1"},
				"east": {"uv": [7.25, 6.25, 7.75, 6.75], "rotation": 90, "texture": "#1"},
				"south": {"uv": [11.25, 6.25, 11.75, 6.75], "texture": "#1"},
				"west": {"uv": [9.25, 6.25, 9.75, 6.75], "rotation": 270, "texture": "#1"},
				"up": {"uv": [8.25, 6.25, 8.75, 6.75], "texture": "#1"},
				"down": {"uv": [6.25, 6.25, 6.75, 6.75], "rotation": 180, "texture": "#1"}
			}
		},
		{
			"from": [4, 13, 7],
			"to": [5, 14, 10],
			"faces": {
				"north": {"uv": [0.25, 7.25, 0.75, 7.75], "rotation": 180, "texture": "#1"},
				"east": {"uv": [13.25, 6.25, 13.75, 6.75], "rotation": 90, "texture": "#1"},
				"south": {"uv": [1.25, 7.25, 1.75, 7.75], "texture": "#1"},
				"west": {"uv": [15.25, 6.25, 15.75, 6.75], "rotation": 270, "texture": "#1"},
				"up": {"uv": [14.25, 6.25, 14.75, 6.75], "texture": "#1"},
				"down": {"uv": [12.25, 6.25, 12.75, 6.75], "rotation": 180, "texture": "#1"}
			}
		},
		{
			"from": [3, 12, 7],
			"to": [4, 13, 10],
			"faces": {
				"north": {"uv": [6.25, 7.25, 6.75, 7.75], "rotation": 180, "texture": "#1"},
				"east": {"uv": [3.25, 7.25, 3.75, 7.75], "rotation": 90, "texture": "#1"},
				"south": {"uv": [7.25, 7.25, 7.75, 7.75], "texture": "#1"},
				"west": {"uv": [5.25, 7.25, 5.75, 7.75], "rotation": 270, "texture": "#1"},
				"up": {"uv": [4.25, 7.25, 4.75, 7.75], "texture": "#1"},
				"down": {"uv": [2.25, 7.25, 2.75, 7.75], "rotation": 180, "texture": "#1"}
			}
		},
		{
			"from": [14, 10, 7],
			"to": [15, 11, 10],
			"faces": {
				"north": {"uv": [12.25, 7.25, 12.75, 7.75], "rotation": 180, "texture": "#1"},
				"east": {"uv": [9.25, 7.25, 9.75, 7.75], "rotation": 90, "texture": "#1"},
				"south": {"uv": [13.25, 7.25, 13.75, 7.75], "texture": "#1"},
				"west": {"uv": [11.25, 7.25, 11.75, 7.75], "rotation": 270, "texture": "#1"},
				"up": {"uv": [10.25, 7.25, 10.75, 7.75], "texture": "#1"},
				"down": {"uv": [8.25, 7.25, 8.75, 7.75], "rotation": 180, "texture": "#1"}
			}
		},
		{
			"from": [10, 14, 7],
			"to": [11, 15, 10],
			"faces": {
				"north": {"uv": [2.25, 8.25, 2.75, 8.75], "rotation": 180, "texture": "#1"},
				"east": {"uv": [15.25, 7.25, 15.75, 7.75], "rotation": 90, "texture": "#1"},
				"south": {"uv": [3.25, 8.25, 3.75, 8.75], "texture": "#1"},
				"west": {"uv": [1.25, 8.25, 1.75, 8.75], "rotation": 270, "texture": "#1"},
				"up": {"uv": [0.25, 8.25, 0.75, 8.75], "texture": "#1"},
				"down": {"uv": [14.25, 7.25, 14.75, 7.75], "rotation": 180, "texture": "#1"}
			}
		},
		{
			"from": [13, 11, 7],
			"to": [14, 12, 10],
			"faces": {
				"north": {"uv": [8.25, 8.25, 8.75, 8.75], "rotation": 180, "texture": "#1"},
				"east": {"uv": [5.25, 8.25, 5.75, 8.75], "rotation": 90, "texture": "#1"},
				"south": {"uv": [9.25, 8.25, 9.75, 8.75], "texture": "#1"},
				"west": {"uv": [7.25, 8.25, 7.75, 8.75], "rotation": 270, "texture": "#1"},
				"up": {"uv": [6.25, 8.25, 6.75, 8.75], "texture": "#1"},
				"down": {"uv": [4.25, 8.25, 4.75, 8.75], "rotation": 180, "texture": "#1"}
			}
		},
		{
			"from": [12, 12, 7],
			"to": [13, 13, 10],
			"faces": {
				"north": {"uv": [14.25, 8.25, 14.75, 8.75], "rotation": 180, "texture": "#1"},
				"east": {"uv": [11.25, 8.25, 11.75, 8.75], "rotation": 90, "texture": "#1"},
				"south": {"uv": [15.25, 8.25, 15.75, 8.75], "texture": "#1"},
				"west": {"uv": [13.25, 8.25, 13.75, 8.75], "rotation": 270, "texture": "#1"},
				"up": {"uv": [12.25, 8.25, 12.75, 8.75], "texture": "#1"},
				"down": {"uv": [10.25, 8.25, 10.75, 8.75], "rotation": 180, "texture": "#1"}
			}
		},
		{
			"from": [12, 6, 7],
			"to": [13, 10, 8],
			"faces": {
				"north": {"uv": [4.25, 0.25, 4.75, 0.75], "rotation": 180, "texture": "#2"},
				"east": {"uv": [1.25, 0.25, 1.75, 0.75], "rotation": 90, "texture": "#2"},
				"south": {"uv": [5.25, 0.25, 5.75, 0.75], "texture": "#2"},
				"west": {"uv": [3.25, 0.25, 3.75, 0.75], "rotation": 270, "texture": "#2"},
				"up": {"uv": [2.25, 0.25, 2.75, 0.75], "texture": "#2"},
				"down": {"uv": [0.25, 0.25, 0.75, 0.75], "rotation": 180, "texture": "#2"}
			}
		},
		{
			"from": [10, 6, 7],
			"to": [11, 10, 8],
			"faces": {
				"north": {"uv": [10.25, 0.25, 10.75, 0.75], "rotation": 180, "texture": "#2"},
				"east": {"uv": [7.25, 0.25, 7.75, 0.75], "rotation": 90, "texture": "#2"},
				"south": {"uv": [11.25, 0.25, 11.75, 0.75], "texture": "#2"},
				"west": {"uv": [9.25, 0.25, 9.75, 0.75], "rotation": 270, "texture": "#2"},
				"up": {"uv": [8.25, 0.25, 8.75, 0.75], "texture": "#2"},
				"down": {"uv": [6.25, 0.25, 6.75, 0.75], "rotation": 180, "texture": "#2"}
			}
		},
		{
			"from": [3, 6, 7],
			"to": [4, 10, 8],
			"faces": {
				"north": {"uv": [0.25, 1.25, 0.75, 1.75], "rotation": 180, "texture": "#2"},
				"east": {"uv": [13.25, 0.25, 13.75, 0.75], "rotation": 90, "texture": "#2"},
				"south": {"uv": [1.25, 1.25, 1.75, 1.75], "texture": "#2"},
				"west": {"uv": [15.25, 0.25, 15.75, 0.75], "rotation": 270, "texture": "#2"},
				"up": {"uv": [14.25, 0.25, 14.75, 0.75], "texture": "#2"},
				"down": {"uv": [12.25, 0.25, 12.75, 0.75], "rotation": 180, "texture": "#2"}
			}
		},
		{
			"from": [11, 9, 7],
			"to": [12, 10, 8],
			"faces": {
				"north": {"uv": [6.25, 1.25, 6.75, 1.75], "rotation": 180, "texture": "#2"},
				"east": {"uv": [3.25, 1.25, 3.75, 1.75], "rotation": 90, "texture": "#2"},
				"south": {"uv": [7.25, 1.25, 7.75, 1.75], "texture": "#2"},
				"west": {"uv": [5.25, 1.25, 5.75, 1.75], "rotation": 270, "texture": "#2"},
				"up": {"uv": [4.25, 1.25, 4.75, 1.75], "texture": "#2"},
				"down": {"uv": [2.25, 1.25, 2.75, 1.75], "rotation": 180, "texture": "#2"}
			}
		},
		{
			"from": [11, 7, 7],
			"to": [12, 8, 8],
			"faces": {
				"north": {"uv": [12.25, 1.25, 12.75, 1.75], "rotation": 180, "texture": "#2"},
				"east": {"uv": [9.25, 1.25, 9.75, 1.75], "rotation": 90, "texture": "#2"},
				"south": {"uv": [13.25, 1.25, 13.75, 1.75], "texture": "#2"},
				"west": {"uv": [11.25, 1.25, 11.75, 1.75], "rotation": 270, "texture": "#2"},
				"up": {"uv": [10.25, 1.25, 10.75, 1.75], "texture": "#2"},
				"down": {"uv": [8.25, 1.25, 8.75, 1.75], "rotation": 180, "texture": "#2"}
			}
		},
		{
			"from": [7, 6, 7],
			"to": [8, 7, 8],
			"faces": {
				"north": {"uv": [2.25, 2.25, 2.75, 2.75], "rotation": 180, "texture": "#2"},
				"east": {"uv": [15.25, 1.25, 15.75, 1.75], "rotation": 90, "texture": "#2"},
				"south": {"uv": [3.25, 2.25, 3.75, 2.75], "texture": "#2"},
				"west": {"uv": [1.25, 2.25, 1.75, 2.75], "rotation": 270, "texture": "#2"},
				"up": {"uv": [0.25, 2.25, 0.75, 2.75], "texture": "#2"},
				"down": {"uv": [14.25, 1.25, 14.75, 1.75], "rotation": 180, "texture": "#2"}
			}
		},
		{
			"from": [5, 7, 7],
			"to": [6, 8, 8],
			"faces": {
				"north": {"uv": [8.25, 2.25, 8.75, 2.75], "rotation": 180, "texture": "#2"},
				"east": {"uv": [5.25, 2.25, 5.75, 2.75], "rotation": 90, "texture": "#2"},
				"south": {"uv": [9.25, 2.25, 9.75, 2.75], "texture": "#2"},
				"west": {"uv": [7.25, 2.25, 7.75, 2.75], "rotation": 270, "texture": "#2"},
				"up": {"uv": [6.25, 2.25, 6.75, 2.75], "texture": "#2"},
				"down": {"uv": [4.25, 2.25, 4.75, 2.75], "rotation": 180, "texture": "#2"}
			}
		},
		{
			"from": [4, 6, 7],
			"to": [6, 7, 8],
			"faces": {
				"north": {"uv": [14.25, 2.25, 14.75, 2.75], "rotation": 180, "texture": "#2"},
				"east": {"uv": [11.25, 2.25, 11.75, 2.75], "rotation": 90, "texture": "#2"},
				"south": {"uv": [15.25, 2.25, 15.75, 2.75], "texture": "#2"},
				"west": {"uv": [13.25, 2.25, 13.75, 2.75], "rotation": 270, "texture": "#2"},
				"up": {"uv": [12.25, 2.25, 12.75, 2.75], "texture": "#2"},
				"down": {"uv": [10.25, 2.25, 10.75, 2.75], "rotation": 180, "texture": "#2"}
			}
		},
		{
			"from": [7, 9, 7],
			"to": [8, 10, 8],
			"faces": {
				"north": {"uv": [4.25, 3.25, 4.75, 3.75], "rotation": 180, "texture": "#2"},
				"east": {"uv": [1.25, 3.25, 1.75, 3.75], "rotation": 90, "texture": "#2"},
				"south": {"uv": [5.25, 3.25, 5.75, 3.75], "texture": "#2"},
				"west": {"uv": [3.25, 3.25, 3.75, 3.75], "rotation": 270, "texture": "#2"},
				"up": {"uv": [2.25, 3.25, 2.75, 3.75], "texture": "#2"},
				"down": {"uv": [0.25, 3.25, 0.75, 3.75], "rotation": 180, "texture": "#2"}
			}
		},
		{
			"from": [8, 6, 7],
			"to": [9, 10, 8],
			"faces": {
				"north": {"uv": [10.25, 3.25, 10.75, 3.75], "rotation": 180, "texture": "#2"},
				"east": {"uv": [7.25, 3.25, 7.75, 3.75], "rotation": 90, "texture": "#2"},
				"south": {"uv": [11.25, 3.25, 11.75, 3.75], "texture": "#2"},
				"west": {"uv": [9.25, 3.25, 9.75, 3.75], "rotation": 270, "texture": "#2"},
				"up": {"uv": [8.25, 3.25, 8.75, 3.75], "texture": "#2"},
				"down": {"uv": [6.25, 3.25, 6.75, 3.75], "rotation": 180, "texture": "#2"}
			}
		},
		{
			"from": [6, 1, 8],
			"to": [10, 6, 9],
			"faces": {
				"north": {"uv": [10.25, 0.25, 10.75, 0.75], "rotation": 180, "texture": "#3"},
				"east": {"uv": [7.25, 0.25, 7.75, 0.75], "rotation": 90, "texture": "#3"},
				"south": {"uv": [11.25, 0.25, 11.75, 0.75], "texture": "#3"},
				"west": {"uv": [9.25, 0.25, 9.75, 0.75], "rotation": 270, "texture": "#3"},
				"up": {"uv": [8.25, 0.25, 8.75, 0.75], "texture": "#3"},
				"down": {"uv": [6.25, 0.25, 6.75, 0.75], "rotation": 180, "texture": "#3"}
			}
		},
		{
			"from": [13, 6, 8],
			"to": [15, 10, 9],
			"faces": {
				"north": {"uv": [0.25, 1.25, 0.75, 1.75], "rotation": 180, "texture": "#3"},
				"east": {"uv": [13.25, 0.25, 13.75, 0.75], "rotation": 90, "texture": "#3"},
				"south": {"uv": [1.25, 1.25, 1.75, 1.75], "texture": "#3"},
				"west": {"uv": [15.25, 0.25, 15.75, 0.75], "rotation": 270, "texture": "#3"},
				"up": {"uv": [14.25, 0.25, 14.75, 0.75], "texture": "#3"},
				"down": {"uv": [12.25, 0.25, 12.75, 0.75], "rotation": 180, "texture": "#3"}
			}
		},
		{
			"from": [1, 6, 8],
			"to": [3, 10, 9],
			"faces": {
				"north": {"uv": [6.25, 1.25, 6.75, 1.75], "rotation": 180, "texture": "#3"},
				"east": {"uv": [3.25, 1.25, 3.75, 1.75], "rotation": 90, "texture": "#3"},
				"south": {"uv": [7.25, 1.25, 7.75, 1.75], "texture": "#3"},
				"west": {"uv": [5.25, 1.25, 5.75, 1.75], "rotation": 270, "texture": "#3"},
				"up": {"uv": [4.25, 1.25, 4.75, 1.75], "texture": "#3"},
				"down": {"uv": [2.25, 1.25, 2.75, 1.75], "rotation": 180, "texture": "#3"}
			}
		},
		{
			"from": [6, 10, 8],
			"to": [10, 15, 9],
			"faces": {
				"north": {"uv": [12.25, 1.25, 12.75, 1.75], "rotation": 180, "texture": "#3"},
				"east": {"uv": [9.25, 1.25, 9.75, 1.75], "rotation": 90, "texture": "#3"},
				"south": {"uv": [13.25, 1.25, 13.75, 1.75], "texture": "#3"},
				"west": {"uv": [11.25, 1.25, 11.75, 1.75], "rotation": 270, "texture": "#3"},
				"up": {"uv": [10.25, 1.25, 10.75, 1.75], "texture": "#3"},
				"down": {"uv": [8.25, 1.25, 8.75, 1.75], "rotation": 180, "texture": "#3"}
			}
		},
		{
			"from": [2, 10, 8],
			"to": [6, 11, 9],
			"faces": {
				"north": {"uv": [2.25, 2.25, 2.75, 2.75], "rotation": 180, "texture": "#3"},
				"east": {"uv": [15.25, 1.25, 15.75, 1.75], "rotation": 90, "texture": "#3"},
				"south": {"uv": [3.25, 2.25, 3.75, 2.75], "texture": "#3"},
				"west": {"uv": [1.25, 2.25, 1.75, 2.75], "rotation": 270, "texture": "#3"},
				"up": {"uv": [0.25, 2.25, 0.75, 2.75], "texture": "#3"},
				"down": {"uv": [14.25, 1.25, 14.75, 1.75], "rotation": 180, "texture": "#3"}
			}
		},
		{
			"from": [3, 11, 8],
			"to": [6, 12, 9],
			"faces": {
				"north": {"uv": [8.25, 2.25, 8.75, 2.75], "rotation": 180, "texture": "#3"},
				"east": {"uv": [5.25, 2.25, 5.75, 2.75], "rotation": 90, "texture": "#3"},
				"south": {"uv": [9.25, 2.25, 9.75, 2.75], "texture": "#3"},
				"west": {"uv": [7.25, 2.25, 7.75, 2.75], "rotation": 270, "texture": "#3"},
				"up": {"uv": [6.25, 2.25, 6.75, 2.75], "texture": "#3"},
				"down": {"uv": [4.25, 2.25, 4.75, 2.75], "rotation": 180, "texture": "#3"}
			}
		},
		{
			"from": [4, 12, 8],
			"to": [6, 13, 9],
			"faces": {
				"north": {"uv": [14.25, 2.25, 14.75, 2.75], "rotation": 180, "texture": "#3"},
				"east": {"uv": [11.25, 2.25, 11.75, 2.75], "rotation": 90, "texture": "#3"},
				"south": {"uv": [15.25, 2.25, 15.75, 2.75], "texture": "#3"},
				"west": {"uv": [13.25, 2.25, 13.75, 2.75], "rotation": 270, "texture": "#3"},
				"up": {"uv": [12.25, 2.25, 12.75, 2.75], "texture": "#3"},
				"down": {"uv": [10.25, 2.25, 10.75, 2.75], "rotation": 180, "texture": "#3"}
			}
		},
		{
			"from": [5, 13, 8],
			"to": [6, 14, 9],
			"faces": {
				"north": {"uv": [4.25, 3.25, 4.75, 3.75], "rotation": 180, "texture": "#3"},
				"east": {"uv": [1.25, 3.25, 1.75, 3.75], "rotation": 90, "texture": "#3"},
				"south": {"uv": [5.25, 3.25, 5.75, 3.75], "texture": "#3"},
				"west": {"uv": [3.25, 3.25, 3.75, 3.75], "rotation": 270, "texture": "#3"},
				"up": {"uv": [2.25, 3.25, 2.75, 3.75], "texture": "#3"},
				"down": {"uv": [0.25, 3.25, 0.75, 3.75], "rotation": 180, "texture": "#3"}
			}
		},
		{
			"from": [10, 12, 8],
			"to": [12, 13, 9],
			"faces": {
				"north": {"uv": [10.25, 3.25, 10.75, 3.75], "rotation": 180, "texture": "#3"},
				"east": {"uv": [7.25, 3.25, 7.75, 3.75], "rotation": 90, "texture": "#3"},
				"south": {"uv": [11.25, 3.25, 11.75, 3.75], "texture": "#3"},
				"west": {"uv": [9.25, 3.25, 9.75, 3.75], "rotation": 270, "texture": "#3"},
				"up": {"uv": [8.25, 3.25, 8.75, 3.75], "texture": "#3"},
				"down": {"uv": [6.25, 3.25, 6.75, 3.75], "rotation": 180, "texture": "#3"}
			}
		},
		{
			"from": [10, 11, 8],
			"to": [13, 12, 9],
			"faces": {
				"north": {"uv": [0.25, 4.25, 0.75, 4.75], "rotation": 180, "texture": "#3"},
				"east": {"uv": [13.25, 3.25, 13.75, 3.75], "rotation": 90, "texture": "#3"},
				"south": {"uv": [1.25, 4.25, 1.75, 4.75], "texture": "#3"},
				"west": {"uv": [15.25, 3.25, 15.75, 3.75], "rotation": 270, "texture": "#3"},
				"up": {"uv": [14.25, 3.25, 14.75, 3.75], "texture": "#3"},
				"down": {"uv": [12.25, 3.25, 12.75, 3.75], "rotation": 180, "texture": "#3"}
			}
		},
		{
			"from": [10, 10, 8],
			"to": [14, 11, 9],
			"faces": {
				"north": {"uv": [6.25, 4.25, 6.75, 4.75], "rotation": 180, "texture": "#3"},
				"east": {"uv": [3.25, 4.25, 3.75, 4.75], "rotation": 90, "texture": "#3"},
				"south": {"uv": [7.25, 4.25, 7.75, 4.75], "texture": "#3"},
				"west": {"uv": [5.25, 4.25, 5.75, 4.75], "rotation": 270, "texture": "#3"},
				"up": {"uv": [4.25, 4.25, 4.75, 4.75], "texture": "#3"},
				"down": {"uv": [2.25, 4.25, 2.75, 4.75], "rotation": 180, "texture": "#3"}
			}
		},
		{
			"from": [10, 13, 8],
			"to": [11, 14, 9],
			"faces": {
				"north": {"uv": [12.25, 4.25, 12.75, 4.75], "rotation": 180, "texture": "#3"},
				"east": {"uv": [9.25, 4.25, 9.75, 4.75], "rotation": 90, "texture": "#3"},
				"south": {"uv": [13.25, 4.25, 13.75, 4.75], "texture": "#3"},
				"west": {"uv": [11.25, 4.25, 11.75, 4.75], "rotation": 270, "texture": "#3"},
				"up": {"uv": [10.25, 4.25, 10.75, 4.75], "texture": "#3"},
				"down": {"uv": [8.25, 4.25, 8.75, 4.75], "rotation": 180, "texture": "#3"}
			}
		},
		{
			"from": [10, 2, 8],
			"to": [11, 3, 9],
			"faces": {
				"north": {"uv": [2.25, 5.25, 2.75, 5.75], "rotation": 180, "texture": "#3"},
				"east": {"uv": [15.25, 4.25, 15.75, 4.75], "rotation": 90, "texture": "#3"},
				"south": {"uv": [3.25, 5.25, 3.75, 5.75], "texture": "#3"},
				"west": {"uv": [1.25, 5.25, 1.75, 5.75], "rotation": 270, "texture": "#3"},
				"up": {"uv": [0.25, 5.25, 0.75, 5.75], "texture": "#3"},
				"down": {"uv": [14.25, 4.25, 14.75, 4.75], "rotation": 180, "texture": "#3"}
			}
		},
		{
			"from": [10, 3, 8],
			"to": [12, 4, 9],
			"faces": {
				"north": {"uv": [8.25, 5.25, 8.75, 5.75], "rotation": 180, "texture": "#3"},
				"east": {"uv": [5.25, 5.25, 5.75, 5.75], "rotation": 90, "texture": "#3"},
				"south": {"uv": [9.25, 5.25, 9.75, 5.75], "texture": "#3"},
				"west": {"uv": [7.25, 5.25, 7.75, 5.75], "rotation": 270, "texture": "#3"},
				"up": {"uv": [6.25, 5.25, 6.75, 5.75], "texture": "#3"},
				"down": {"uv": [4.25, 5.25, 4.75, 5.75], "rotation": 180, "texture": "#3"}
			}
		},
		{
			"from": [10, 4, 8],
			"to": [13, 5, 9],
			"faces": {
				"north": {"uv": [14.25, 5.25, 14.75, 5.75], "rotation": 180, "texture": "#3"},
				"east": {"uv": [11.25, 5.25, 11.75, 5.75], "rotation": 90, "texture": "#3"},
				"south": {"uv": [15.25, 5.25, 15.75, 5.75], "texture": "#3"},
				"west": {"uv": [13.25, 5.25, 13.75, 5.75], "rotation": 270, "texture": "#3"},
				"up": {"uv": [12.25, 5.25, 12.75, 5.75], "texture": "#3"},
				"down": {"uv": [10.25, 5.25, 10.75, 5.75], "rotation": 180, "texture": "#3"}
			}
		},
		{
			"from": [10, 5, 8],
			"to": [14, 6, 9],
			"faces": {
				"north": {"uv": [4.25, 6.25, 4.75, 6.75], "rotation": 180, "texture": "#3"},
				"east": {"uv": [1.25, 6.25, 1.75, 6.75], "rotation": 90, "texture": "#3"},
				"south": {"uv": [5.25, 6.25, 5.75, 6.75], "texture": "#3"},
				"west": {"uv": [3.25, 6.25, 3.75, 6.75], "rotation": 270, "texture": "#3"},
				"up": {"uv": [2.25, 6.25, 2.75, 6.75], "texture": "#3"},
				"down": {"uv": [0.25, 6.25, 0.75, 6.75], "rotation": 180, "texture": "#3"}
			}
		},
		{
			"from": [2, 5, 8],
			"to": [6, 6, 9],
			"faces": {
				"north": {"uv": [10.25, 6.25, 10.75, 6.75], "rotation": 180, "texture": "#3"},
				"east": {"uv": [7.25, 6.25, 7.75, 6.75], "rotation": 90, "texture": "#3"},
				"south": {"uv": [11.25, 6.25, 11.75, 6.75], "texture": "#3"},
				"west": {"uv": [9.25, 6.25, 9.75, 6.75], "rotation": 270, "texture": "#3"},
				"up": {"uv": [8.25, 6.25, 8.75, 6.75], "texture": "#3"},
				"down": {"uv": [6.25, 6.25, 6.75, 6.75], "rotation": 180, "texture": "#3"}
			}
		},
		{
			"from": [5, 2, 8],
			"to": [6, 3, 9],
			"faces": {
				"north": {"uv": [0.25, 7.25, 0.75, 7.75], "rotation": 180, "texture": "#3"},
				"east": {"uv": [13.25, 6.25, 13.75, 6.75], "rotation": 90, "texture": "#3"},
				"south": {"uv": [1.25, 7.25, 1.75, 7.75], "texture": "#3"},
				"west": {"uv": [15.25, 6.25, 15.75, 6.75], "rotation": 270, "texture": "#3"},
				"up": {"uv": [14.25, 6.25, 14.75, 6.75], "texture": "#3"},
				"down": {"uv": [12.25, 6.25, 12.75, 6.75], "rotation": 180, "texture": "#3"}
			}
		},
		{
			"from": [4, 3, 8],
			"to": [6, 4, 9],
			"faces": {
				"north": {"uv": [6.25, 7.25, 6.75, 7.75], "rotation": 180, "texture": "#3"},
				"east": {"uv": [3.25, 7.25, 3.75, 7.75], "rotation": 90, "texture": "#3"},
				"south": {"uv": [7.25, 7.25, 7.75, 7.75], "texture": "#3"},
				"west": {"uv": [5.25, 7.25, 5.75, 7.75], "rotation": 270, "texture": "#3"},
				"up": {"uv": [4.25, 7.25, 4.75, 7.75], "texture": "#3"},
				"down": {"uv": [2.25, 7.25, 2.75, 7.75], "rotation": 180, "texture": "#3"}
			}
		},
		{
			"from": [3, 4, 8],
			"to": [6, 5, 9],
			"faces": {
				"north": {"uv": [12.25, 7.25, 12.75, 7.75], "rotation": 180, "texture": "#3"},
				"east": {"uv": [9.25, 7.25, 9.75, 7.75], "rotation": 90, "texture": "#3"},
				"south": {"uv": [13.25, 7.25, 13.75, 7.75], "texture": "#3"},
				"west": {"uv": [11.25, 7.25, 11.75, 7.75], "rotation": 270, "texture": "#3"},
				"up": {"uv": [10.25, 7.25, 10.75, 7.75], "texture": "#3"},
				"down": {"uv": [8.25, 7.25, 8.75, 7.75], "rotation": 180, "texture": "#3"}
			}
		},
		{
			"from": [3, 6, 8],
			"to": [13, 10, 9],
			"faces": {
				"north": {"uv": [4.25, 9.25, 4.75, 9.75], "rotation": 180, "texture": "#3"},
				"east": {"uv": [1.25, 9.25, 1.75, 9.75], "rotation": 90, "texture": "#3"},
				"south": {"uv": [5.25, 9.25, 5.75, 9.75], "texture": "#3"},
				"west": {"uv": [3.25, 9.25, 3.75, 9.75], "rotation": 270, "texture": "#3"},
				"up": {"uv": [2.25, 9.25, 2.75, 9.75], "texture": "#3"},
				"down": {"uv": [0.25, 9.25, 0.75, 9.75], "rotation": 180, "texture": "#3"}
			}
		},
		{
			"from": [12, 6, 9],
			"to": [13, 10, 10],
			"faces": {
				"north": {"uv": [5.25, 0.25, 5.75, 0.75], "rotation": 180, "texture": "#2"},
				"east": {"uv": [1.25, 0.25, 1.75, 0.75], "rotation": 270, "texture": "#2"},
				"south": {"uv": [4.25, 0.25, 4.75, 0.75], "texture": "#2"},
				"west": {"uv": [3.25, 0.25, 3.75, 0.75], "rotation": 90, "texture": "#2"},
				"up": {"uv": [0.25, 0.25, 0.75, 0.75], "rotation": 180, "texture": "#2"},
				"down": {"uv": [2.25, 0.25, 2.75, 0.75], "texture": "#2"}
			}
		},
		{
			"from": [10, 6, 9],
			"to": [11, 10, 10],
			"faces": {
				"north": {"uv": [11.25, 0.25, 11.75, 0.75], "rotation": 180, "texture": "#2"},
				"east": {"uv": [7.25, 0.25, 7.75, 0.75], "rotation": 270, "texture": "#2"},
				"south": {"uv": [10.25, 0.25, 10.75, 0.75], "texture": "#2"},
				"west": {"uv": [9.25, 0.25, 9.75, 0.75], "rotation": 90, "texture": "#2"},
				"up": {"uv": [6.25, 0.25, 6.75, 0.75], "rotation": 180, "texture": "#2"},
				"down": {"uv": [8.25, 0.25, 8.75, 0.75], "texture": "#2"}
			}
		},
		{
			"from": [3, 6, 9],
			"to": [4, 10, 10],
			"faces": {
				"north": {"uv": [1.25, 1.25, 1.75, 1.75], "rotation": 180, "texture": "#2"},
				"east": {"uv": [13.25, 0.25, 13.75, 0.75], "rotation": 270, "texture": "#2"},
				"south": {"uv": [0.25, 1.25, 0.75, 1.75], "texture": "#2"},
				"west": {"uv": [15.25, 0.25, 15.75, 0.75], "rotation": 90, "texture": "#2"},
				"up": {"uv": [12.25, 0.25, 12.75, 0.75], "rotation": 180, "texture": "#2"},
				"down": {"uv": [14.25, 0.25, 14.75, 0.75], "texture": "#2"}
			}
		},
		{
			"from": [11, 6, 9],
			"to": [12, 7, 10],
			"faces": {
				"north": {"uv": [7.25, 1.25, 7.75, 1.75], "rotation": 180, "texture": "#2"},
				"east": {"uv": [3.25, 1.25, 3.75, 1.75], "rotation": 270, "texture": "#2"},
				"south": {"uv": [6.25, 1.25, 6.75, 1.75], "texture": "#2"},
				"west": {"uv": [5.25, 1.25, 5.75, 1.75], "rotation": 90, "texture": "#2"},
				"up": {"uv": [2.25, 1.25, 2.75, 1.75], "rotation": 180, "texture": "#2"},
				"down": {"uv": [4.25, 1.25, 4.75, 1.75], "texture": "#2"}
			}
		},
		{
			"from": [11, 8, 9],
			"to": [12, 9, 10],
			"faces": {
				"north": {"uv": [13.25, 1.25, 13.75, 1.75], "rotation": 180, "texture": "#2"},
				"east": {"uv": [9.25, 1.25, 9.75, 1.75], "rotation": 270, "texture": "#2"},
				"south": {"uv": [12.25, 1.25, 12.75, 1.75], "texture": "#2"},
				"west": {"uv": [11.25, 1.25, 11.75, 1.75], "rotation": 90, "texture": "#2"},
				"up": {"uv": [8.25, 1.25, 8.75, 1.75], "rotation": 180, "texture": "#2"},
				"down": {"uv": [10.25, 1.25, 10.75, 1.75], "texture": "#2"}
			}
		},
		{
			"from": [7, 9, 9],
			"to": [8, 10, 10],
			"faces": {
				"north": {"uv": [3.25, 2.25, 3.75, 2.75], "rotation": 180, "texture": "#2"},
				"east": {"uv": [15.25, 1.25, 15.75, 1.75], "rotation": 270, "texture": "#2"},
				"south": {"uv": [2.25, 2.25, 2.75, 2.75], "texture": "#2"},
				"west": {"uv": [1.25, 2.25, 1.75, 2.75], "rotation": 90, "texture": "#2"},
				"up": {"uv": [14.25, 1.25, 14.75, 1.75], "rotation": 180, "texture": "#2"},
				"down": {"uv": [0.25, 2.25, 0.75, 2.75], "texture": "#2"}
			}
		},
		{
			"from": [5, 8, 9],
			"to": [6, 9, 10],
			"faces": {
				"north": {"uv": [9.25, 2.25, 9.75, 2.75], "rotation": 180, "texture": "#2"},
				"east": {"uv": [5.25, 2.25, 5.75, 2.75], "rotation": 270, "texture": "#2"},
				"south": {"uv": [8.25, 2.25, 8.75, 2.75], "texture": "#2"},
				"west": {"uv": [7.25, 2.25, 7.75, 2.75], "rotation": 90, "texture": "#2"},
				"up": {"uv": [4.25, 2.25, 4.75, 2.75], "rotation": 180, "texture": "#2"},
				"down": {"uv": [6.25, 2.25, 6.75, 2.75], "texture": "#2"}
			}
		},
		{
			"from": [4, 9, 9],
			"to": [6, 10, 10],
			"faces": {
				"north": {"uv": [15.25, 2.25, 15.75, 2.75], "rotation": 180, "texture": "#2"},
				"east": {"uv": [11.25, 2.25, 11.75, 2.75], "rotation": 270, "texture": "#2"},
				"south": {"uv": [14.25, 2.25, 14.75, 2.75], "texture": "#2"},
				"west": {"uv": [13.25, 2.25, 13.75, 2.75], "rotation": 90, "texture": "#2"},
				"up": {"uv": [10.25, 2.25, 10.75, 2.75], "rotation": 180, "texture": "#2"},
				"down": {"uv": [12.25, 2.25, 12.75, 2.75], "texture": "#2"}
			}
		},
		{
			"from": [7, 6, 9],
			"to": [8, 7, 10],
			"faces": {
				"north": {"uv": [5.25, 3.25, 5.75, 3.75], "rotation": 180, "texture": "#2"},
				"east": {"uv": [1.25, 3.25, 1.75, 3.75], "rotation": 270, "texture": "#2"},
				"south": {"uv": [4.25, 3.25, 4.75, 3.75], "texture": "#2"},
				"west": {"uv": [3.25, 3.25, 3.75, 3.75], "rotation": 90, "texture": "#2"},
				"up": {"uv": [0.25, 3.25, 0.75, 3.75], "rotation": 180, "texture": "#2"},
				"down": {"uv": [2.25, 3.25, 2.75, 3.75], "texture": "#2"}
			}
		},
		{
			"from": [8, 6, 9],
			"to": [9, 10, 10],
			"faces": {
				"north": {"uv": [11.25, 3.25, 11.75, 3.75], "rotation": 180, "texture": "#2"},
				"east": {"uv": [7.25, 3.25, 7.75, 3.75], "rotation": 270, "texture": "#2"},
				"south": {"uv": [10.25, 3.25, 10.75, 3.75], "texture": "#2"},
				"west": {"uv": [9.25, 3.25, 9.75, 3.75], "rotation": 90, "texture": "#2"},
				"up": {"uv": [6.25, 3.25, 6.75, 3.75], "rotation": 180, "texture": "#2"},
				"down": {"uv": [8.25, 3.25, 8.75, 3.75], "texture": "#2"}
			}
		}
	],
	"gui_light": "front",
	"display": {
		"thirdperson_righthand": {
			"rotation": [152.37, -1.22, -180],
			"translation": [-0.25, 2.5, -0.75],
			"scale": [0.4, 0.4, 0.4]
		},
		"thirdperson_lefthand": {
			"rotation": [152.37, -1.22, -180],
			"translation": [0, 2.5, -0.75],
			"scale": [0.4, 0.4, 0.4]
		},
		"firstperson_righthand": {
			"rotation": [-30, -52, 180],
			"translation": [1.25, 3.25, 0],
			"scale": [0.5, 0.5, 0.5]
		},
		"firstperson_lefthand": {
			"rotation": [-30, -52, 180],
			"translation": [1.25, 3.25, 0],
			"scale": [0.5, 0.5, 0.5]
		},
		"ground": {
			"rotation": [-1, 0, 0],
			"translation": [0, 1.5, 0],
			"scale": [0.35, 0.35, 0.35]
		},
		"gui": {
			"rotation": [0, 0, 180],
			"scale": [0.95, 0.95, 0.95]
		},
		"head": {
			"rotation": [180, 0, 0],
			"translation": [0, 14.5, 0]
		}
	},
	"groups": [
		{
			"name": "edges",
			"origin": [8, 8, 8],
			"color": 0,
			"children": [0, 1, 2, 3, 4, 5, 6, 7, 8, 9, 10, 11, 12, 13, 14, 15, 16, 17, 18, 19, 20, 21, 22, 23]
		},
		{
			"name": "text1",
			"origin": [8, 8, 8],
			"color": 0,
			"children": [24, 25, 26, 27, 28, 29, 30, 31, 32, 33]
		},
		{
			"name": "fill",
			"origin": [8, 8, 8],
			"color": 0,
			"children": [34, 35, 36, 37, 38, 39, 40, 41, 42, 43, 44, 45, 46, 47, 48, 49, 50, 51, 52, 53, 54]
		},
		{
			"name": "text2",
			"origin": [8, 8, 8],
			"color": 0,
			"children": [55, 56, 57, 58, 59, 60, 61, 62, 63, 64]
		}
	]
}